{"cameraMode":{"drawMode":0,"name":"Shaded","section":"Shading Mode"},"sceneLighting":false,"audioPlay":false,"sceneViewState":{"m_AlwaysRefresh":true,"showFog":true,"showSkybox":true,"showFlares":true,"showImageEffects":true,"showParticleSystems":true,"showVisualEffectGraphs":true,"m_FxEnabled":true},"in2DMode":false,"pivot":{"x":-35.859825134277347,"y":4.384276866912842,"z":-159.61317443847657},"rotation":{"x":0.31849297881126406,"y":-0.02148391120135784,"z":0.0014977720566093922,"w":0.9475418925285339},"size":48.85014724731445,"orthographic":false}